month,new_units,total_units,device_revenue,income,cost,profit,ai_accuracy,manual_accuracy
ต.ค.,1,1,15000,1000,10000,6000,88,82
พ.ย.,1,2,15000,2000,10000,7000,90,81
ธ.ค.,1,3,15000,3000,10000,8000,91,82
ม.ค.,2,5,30000,5000,20000,15000,92,83
ก.พ.,2,7,30000,7000,20000,17000,93,82
มี.ค.,2,9,30000,9000,20000,19000,94,82
เม.ย.,3,12,45000,12000,30000,27000,94,81
พ.ค.,3,15,45000,15000,30000,30000,95,82
มิ.ย.,3,18,45000,18000,30000,33000,95,83
ก.ค.,4,22,60000,22000,40000,42000,96,82
ส.ค.,4,26,60000,26000,40000,46000,96,82
ก.ย.,4,30,60000,30000,40000,50000,97,82
